alpha,beta
CAVKANDMRF,CASSRQPIQGEAFF
CAVEPSLNTGFQKLVF,CASSQGWFSGTTDTQYF
CVNDMRF,CASSYSGNTEAFF
CILRPSSASKIIF,CASSQVDLVIYNEQFF
CAASSSGGSNYKLTF,CASSQDRQAVYGYTF
CAVSLPFSGGYNKLIF,CASSPSHRASNYGYTF
CILRDPYNQGGKLIF,CASSLAEGAGYNEQFF
CALGALNDYKLSF,CASSQDLSGGLLEDTQYF
CAATLYSGGGADGLTF,CASSLSLGTGLNYGYTF
CATPSANQAGTALIF,CASSLNRDNNQPQHF
CAYRSAYDFGNEKLTF,CASSLDRRDKGEQYF
CAYRSAIGDSWGKLQF,CASSLRGGNTEAFF
CAETLSGDMRF,CSAGTGAYEQYF
CLGAPSGGSYIPTF,CASSYSNNLNYGYTF
CAEIEAYNTDKLIF,CASSLDIYSNTEAFF
CAQTKTSYDKVIF,CSASTGTSGPGGYF
CALDNFNKFYF,CASSLNIAGNNEQFF
CAVDATYGGATNKLIF,CASSPDTDHNTEAFF
CAYRSAKGMHYQLIW,CASSYSGVLGEQFF
CASYFGNEKLTF,CASSYTGSPEQFF
CAASARSGGYQKVTF,CASSLNWGGYSIGSYNEQFF
CAFTGGATNKLIF,CASSRPGRSYEQYF
CAEKINTGFQKLVF,CASTPGIPQDTQYF
CAGGPETSYDKVIF,CASSPLGASGLYEQYF
CATYTGTASKLTF,CASSVGGGPQETQYF
CAASRRFIIQGAQKLVF,CASSYSRGLLVPRGDEKLFF
CVVNRAGSSHTSGTYKYIF,CASSQDLSGGLLEDTQYF
CAAKGIYNQGGKLIF,CASSQRLQGLDTQYF
CAVDGGSQGNLIF,CASSQDITGTGASSYGYTF
CAEKDGQKLLF,CAWTADRRTEAFF
CILRGQGAQKLVF,CSAELAGGRPAWVGANVLTF
CAVDRRFGNEKLTF,CSAELAGGRPAWVGANVLTF
CAVASLFDGLTF,CASSEWGPPNTEAFF
CAYTHLNFGNEKLTF,CASSYPGLQGYEQYF
CALGALNDYKLSF,CASSYPGLQGYEQYF
